Metric,Value
Tune,0.021414206577234265
CV_AUC,0.7323162906937247
Test_AUC,0.7054962839190926
CV_Recall,0.7108420152219906
