first_cutoff,second_cutoff
0.3483315130048535,0.11634264354105985
