first_cutoff,second_cutoff
0.5339352886117705,0.13071132684792905
