first_cutoff,second_cutoff
0.34833134745259786,0.11634264068825688
