first_cutoff,second_cutoff
0.5339355764488493,0.13071133218956707
