Variables,Coefficients,ORE
ENT,1.3480128132101883,3.849767716912888
percentile_50_flag_gt,0.4937681162137781,1.6384785801229804
activate,0.43576064290037797,1.5461386711873446
percentile_25_flag_gt,0.1328988669943751,1.1421344849965918
percentile_75_flag_gt,0.10775410598356783,1.1137738413889144
std_l3,-0.001524305027923028,0.9984768561349223
Intercept,-2.0275285063533968,0.13166051750236604
